GEOCODE,LEGDIST22,LEGDIST22NAME,P00010001,RANK_POP,POPDEN,H00010001,H00010002,H00010003,OCC,VAC,LANDSQMI,AREASQMI,WATERPCT,P00010002,P00010003,P00010004,P00010005,P00010006,P00010007,P00010008,P00010009,P00020001,P00020002,P00020003,P00020004,P00020005,P00020006,P00020007,P00020008,P00020009,P00020010,P00020011,P00030001,P00030002,P00030003,P00030004,P00030005,P00030006,P00030007,P00030008,P00030009,P00040001,P00040002,P00040003,P00040004,P00040005,P00040006,P00040007,P00040008,P00040009,P00040010,P00040011,C0010001,C0010002,C0010003,C0010004,C0010005,C0010006,C0020001,C0020002,C0020003,C0020004,C0020005,C0020006,C0030001,C0030002,C0030003,C0030004,C0030005,C0030006,C0040001,C0040002,C0040003,C0040004,C0040005,C0040006,P00010010,P00010011,P00010012,P00010013,P00010014,P00010015,P00010016,P00010017,P00010018,P00010019,P00010020,P00010021,P00010022,P00010023,P00010024,P00010025,T0050001,P00050001,P00050002,P00050003,P00050004,P00050005,P00050006,P00050007,P00050008,P00050009,P00050010
5301,1,District 01,157201,14,3049.06,62681,60108,2573,95.9,4.1,51.55727826,54.09641782,4.693729577,140185,103671,3615,831,25994,407,5667,17016,157201,13413,143788,132316,100994,3498,557,25822,389,1056,11472,122252,111972,84216,2640,662,20001,339,4114,10280,122252,8987,113265,106504,82471,2586,438,19902,327,780,6761,119827,5916,3804,31910,1331,12923,111848,5440,2902,31260,1183,3444,93935,3826,2795,22866,904,9020,88791,3575,2152,22588,846,2511,15659,1398,2105,4659,314,6369,90,145,18,122,52,15,60,185,105,22,1357,932,131,0,10,121,0,801,216,0,585
5302,2,District 02,157197,15,181.74,57140,54130,3010,94.73,5.27,864.9711531,878.0111286,1.485172004,137317,111321,6897,2595,7479,2923,6102,19880,157197,16694,140503,126478,106686,6589,2122,7241,2829,1011,14025,117684,106095,86784,5128,1797,6151,2046,4189,11589,117684,10288,107396,99221,84050,4965,1473,5988,1999,746,8175,129403,11522,7819,13185,4883,12553,119334,10479,6507,12320,4546,2865,97371,7141,5262,9056,3006,8481,91457,6692,4459,8651,2846,2145,17816,2698,3899,3457,560,5515,139,372,162,216,68,54,80,494,76,26,2064,520,162,0,3,159,0,358,0,0,358
5303,3,District 03,156591,47,3847.51,69541,65416,4125,94.07,5.93,40.6992793,41.31996249,1.50213879,141455,125555,4183,2859,3943,1313,3602,15136,156591,10932,145659,134402,121928,4015,2460,3864,1284,851,11257,125230,115474,103209,3067,2248,3253,815,2882,9756,125230,7455,117775,110429,100792,2994,1978,3187,800,678,7346,140033,7471,7753,7001,2113,8764,132715,6912,6648,6631,1994,2949,112528,4624,5663,5023,1298,6589,107818,4388,5047,4829,1240,2298,13860,2269,3858,2256,329,4516,150,47,32,108,31,20,59,109,51,25,1276,7339,1523,631,44,837,11,5816,2595,0,3221
5304,4,District 04,157051,26,396.53,65492,62391,3101,95.27,4.73,396.0678239,398.664151,0.651256723,144083,132928,2219,1758,2854,857,3467,12968,157051,9816,147235,137739,129864,2115,1425,2776,829,730,9496,121889,113900,105586,1620,1347,2307,558,2482,7989,121889,6201,115688,109741,103751,1556,1108,2259,538,529,5947,145437,4485,6122,5164,1477,8398,139042,4097,5194,4896,1380,2797,113278,2578,4290,3540,902,5754,109481,2413,3764,3413,847,2014,11995,1565,3564,1680,260,4485,96,49,16,59,30,17,44,94,30,6,973,1846,1161,0,43,1111,7,685,0,0,685
5305,5,District 05,157291,11,358.63,58347,56128,2219,96.2,3.8,438.5933213,446.2651927,1.719128352,141147,110770,2688,937,22289,328,4135,16144,157291,11519,145772,134591,108082,2583,715,22146,300,765,11181,116388,107385,85603,1860,666,16166,235,2855,9003,116388,7221,109167,103083,83959,1800,523,16075,212,514,6084,126156,5080,4056,27804,1200,10554,118735,4588,3356,27202,1071,2862,94164,3007,2807,18483,724,6966,89724,2748,2358,18216,653,1991,14880,1536,2368,4285,283,5686,51,132,22,103,36,7,57,195,109,10,1264,609,387,36,92,253,6,222,0,0,222
5306,6,District 06,158883,5,388.73,62308,59638,2670,95.71,4.29,408.7180659,413.9373063,1.260877026,143845,127434,3644,2808,4476,1953,3530,15038,158883,10751,148132,137119,124149,3458,2423,4405,1923,761,11013,122031,112694,100652,2725,2143,3522,1149,2503,9337,122031,6984,115047,108236,98641,2615,1863,3466,1127,524,6811,141702,6497,7838,7443,2788,8889,134585,5909,6823,7039,2657,2912,109483,3960,5459,5226,1653,6248,105054,3674,4842,5014,1581,2089,13902,1879,4103,2098,296,4797,166,77,38,98,46,20,59,175,35,15,1136,5751,3385,2254,38,1068,25,2366,1181,556,629
5307,7,District 07,156945,38,11.16,76427,62249,14178,81.45,18.55,14068.86203,14338.81083,1.882644257,142309,117838,598,10236,1052,212,12373,14636,156945,22860,134085,126056,113938,548,9494,1005,200,871,8029,122702,113101,95901,445,7147,854,140,8614,9601,122702,14763,107939,102358,93649,405,6683,821,135,665,5581,132024,1588,15497,2357,655,20432,121767,1330,14061,2128,523,2819,105238,899,10722,1558,412,13943,99110,772,9921,1457,339,2196,13822,509,4449,846,165,7454,49,26,14,45,46,6,150,40,12,11,814,2474,768,160,38,541,29,1706,0,0,1706
5308,8,District 08,157039,27,2005.27,59907,57588,2319,96.13,3.87,78.31309025,84.1787267,6.968074564,138392,110727,2438,1372,5904,399,17552,18647,157039,37041,119998,112352,102474,2197,727,5758,350,846,7646,114878,103762,84866,1708,1000,4604,245,11339,11116,114878,22419,92459,87774,80253,1614,578,4546,217,566,4685,128743,4320,4933,8475,942,29368,109876,3604,3359,7950,838,2470,95578,2491,3381,5860,545,18668,84766,2247,2465,5658,490,1752,17638,1307,2688,1948,235,10847,47,29,22,129,18,2,178,66,109,13,1009,1094,714,286,19,409,0,380,0,0,380
5309,9,District 09,159099,2,15.65,67434,60750,6684,90.09,9.91,10164.08468,10253.25167,0.869645921,145294,129538,2707,1740,5460,371,5478,13805,159099,13613,145486,136616,126172,2592,1391,5384,338,739,8870,128003,118355,105517,2250,1359,4773,298,4158,9648,128003,9727,118276,112013,103190,2164,1109,4714,274,562,6263,142663,4476,5706,8479,1175,11604,134568,4084,4770,8144,1048,2469,114627,3300,4279,6769,869,8554,109076,3067,3648,6569,796,1852,12763,1051,3187,2106,243,5551,90,65,25,70,39,17,60,202,45,12,1042,12040,3301,2500,7,773,21,8739,8046,0,693
5310,10,District 10,157012,30,394.99,70674,62528,8146,88.47,11.53,397.5115495,782.4246282,49.19490835,141262,123616,3030,2453,5518,674,5971,15750,157012,15050,141962,131476,119689,2843,1986,5368,634,956,10486,126071,116024,102449,2352,1814,4695,504,4210,10047,126071,9742,116329,109555,100035,2241,1480,4602,478,719,6774,138541,5356,6838,9105,1592,12689,129626,4774,5667,8583,1428,3161,111925,3453,4919,6644,1069,8818,106414,3165,4177,6384,984,2387,14539,1412,3490,2555,346,5956,81,120,19,125,37,13,102,189,77,17,1211,2518,702,177,42,471,12,1816,7,1410,399
5311,11,District 11,156953,36,4004.99,62623,59855,2768,95.58,4.42,39.18932327,41.43461823,5.418886561,139321,64989,17725,1425,40650,1716,12816,17632,156953,23331,133622,122809,61763,17330,708,40391,1664,953,10813,123867,112634,55380,13458,1136,32289,1301,9070,11233,123867,15904,107963,101205,53284,13224,559,32118,1272,748,6758,80408,21859,4539,46581,2971,20240,71031,20823,2992,45739,2781,2326,65166,15776,3509,35418,2110,14266,58993,15195,2346,35024,2014,1838,15831,2025,1587,3737,268,6068,247,474,87,342,113,13,202,436,204,28,1801,968,340,18,16,294,12,628,0,0,628
5312,12,District 12,159112,1,38.32,67767,58451,9316,86.25,13.75,4152.358239,4244.439882,2.169465121,141878,116645,1349,1722,2947,268,18947,17234,159112,33719,125393,117472,111226,1258,1035,2895,239,819,7921,123024,111749,94085,1102,1313,2369,209,12671,11275,123024,21689,101335,95949,90940,1049,856,2335,197,572,5386,133185,2562,5509,5346,955,29740,118807,2239,4063,5031,822,2802,104844,1726,4081,3659,699,19830,96047,1565,3162,3523,622,2077,16388,747,2965,1699,261,10045,55,31,20,67,40,9,176,182,73,18,846,4407,3370,2705,15,650,0,1037,13,0,1024
5313,13,District 13,156945,38,32.03,67439,58043,9396,86.07,13.93,4899.999938,4994.30365,1.888225435,138497,106368,1262,2114,2415,214,26124,18448,156945,47426,109519,102998,97523,1108,1132,2321,197,717,6521,117963,106075,83886,990,1568,2036,178,17417,11888,117963,30159,87804,83307,78824,902,919,1973,164,525,4497,124211,2543,5944,4134,673,38903,103880,2082,3903,3781,564,2204,95345,1656,4315,3023,474,25631,83195,1421,3014,2830,413,1652,17511,847,2807,1289,203,11784,24,14,14,94,27,17,254,64,50,23,937,3357,603,216,37,324,26,2754,970,0,1784
5314,14,District 14,156832,40,35.58,59331,55750,3581,93.96,6.04,4407.882514,4443.77935,0.807799681,136233,88225,1391,10480,2323,222,33592,20599,156832,59637,97195,91115,78348,1146,8560,2178,164,719,6080,116363,103072,70767,1030,6968,1868,152,22287,13291,116363,38015,78348,74146,64941,922,5861,1803,123,496,4202,107844,2705,14863,3897,663,48660,84126,2076,11551,3415,495,2057,83418,1693,9907,2760,445,32135,68916,1429,8041,2537,360,1569,19553,766,2911,978,133,13833,96,25,10,96,82,40,430,59,81,13,1046,2794,1049,225,35,789,0,1745,196,0,1549
5315,15,District 15,156700,45,71.79,48746,46163,2583,94.7,5.3,2182.858017,2216.20327,1.504611666,127868,52649,1193,3928,1075,202,68821,28832,156700,114847,41853,39154,35382,952,1251,960,140,469,2699,105378,87262,38931,891,2650,808,135,43847,18116,105378,71617,33761,31872,29034,766,915,749,95,313,1889,80487,2175,7139,1864,486,94549,37925,1484,2587,1437,314,1083,56390,1349,4802,1272,311,60010,30808,1038,1928,1049,216,776,27752,470,1810,372,66,24091,34,25,12,177,24,7,514,32,94,24,1080,2777,993,753,0,214,26,1784,137,0,1647
5316,16,District 16,158905,4,70.85,60472,56919,3553,94.12,5.88,2242.687554,2317.80612,3.240933982,139480,108917,2339,1779,2718,487,23240,19425,158905,44524,114381,107087,100130,2137,1036,2618,445,721,7294,119296,107037,86044,1804,1387,2116,359,15327,12259,119296,27929,91367,86496,81068,1720,829,2056,320,503,4871,127553,3954,5707,4663,1093,36338,107054,3333,4080,4307,941,2389,97750,2571,4158,3198,746,23644,85641,2328,3056,3033,659,1742,18569,1022,3076,1313,180,12223,69,45,14,130,18,17,200,196,55,11,856,5661,3285,2434,13,829,9,2376,1933,0,443
5317,17,District 17,157488,9,80.35,60257,57178,3079,94.89,5.11,1960.143139,1998.266968,1.907844616,141669,120475,2818,1273,10376,1250,5477,15819,157488,14426,143062,132766,116943,2670,926,10263,1199,765,10296,120318,110716,94767,2055,997,8229,876,3792,9602,120318,9102,111216,105007,92692,1972,772,8144,851,576,6209,135588,4991,5267,14297,2298,12165,126741,4516,4261,13813,2123,2671,103905,3072,3806,10122,1438,8244,98568,2835,3178,9879,1357,1978,14670,1410,3162,3008,418,6016,72,73,23,93,28,11,69,203,53,31,1149,1600,796,485,0,311,0,804,0,0,804
5318,18,District 18,157021,29,1918.65,57952,55954,1998,96.55,3.45,81.83924327,81.99574052,0.190860219,141217,121955,3005,1403,6898,1197,6759,15804,157021,16295,140726,130629,118165,2886,913,6787,1154,724,10097,119539,109716,95451,2233,1062,5574,829,4567,9823,119539,10177,109362,103011,93264,2172,697,5510,809,559,6351,137023,5370,5397,10474,2257,13681,127782,4887,4189,10057,2082,2680,104759,3364,3894,7436,1469,9155,99272,3151,3126,7246,1395,1982,14569,1554,3095,2592,425,6196,74,85,13,103,44,6,99,197,65,21,1235,818,256,0,0,188,68,562,0,0,562
5319,19,District 19,158334,6,60.9,72662,62695,9967,86.28,13.72,2599.814389,2998.18235,13.2869824,143505,127801,1597,3681,2539,756,7131,14829,158334,15963,142371,132299,123713,1498,3191,2477,723,697,10072,125140,115471,104150,1271,2741,2089,511,4709,9669,125140,9698,115442,108573,101845,1225,2422,2046,488,547,6869,142007,3211,9663,4492,1535,13445,133409,2859,8417,4207,1396,2886,113385,2035,6939,3126,1013,8915,108434,1888,6206,2992,944,2247,13813,1005,5062,1212,282,5688,50,22,9,61,52,10,128,171,42,19,1016,3551,2821,2280,131,410,0,730,0,0,730
5320,20,District 20,156954,35,50.2,62941,57681,5260,91.64,8.36,3126.857434,3189.992787,1.979169126,143500,131761,1027,1790,1982,372,6568,13454,156954,14137,142817,133649,128071,962,1463,1919,358,876,9168,119696,111186,102726,775,1411,1649,255,4370,8510,119696,8482,111214,105143,100739,745,1167,1606,249,637,6071,144842,2420,6696,4037,1072,12365,137022,2116,5789,3770,972,2927,111012,1415,4828,2712,625,8136,106687,1295,4271,2590,591,2163,12567,936,4233,1458,332,5258,33,33,11,38,14,10,91,67,41,12,887,924,464,56,131,248,29,460,0,0,460
5321,21,District 21,157052,25,4445.52,63681,61037,2644,95.85,4.15,35.3281633,57.31935824,38.36608716,139978,90917,9213,1372,27078,1202,10196,17074,157052,20035,137017,126424,87603,8971,748,26899,1176,1027,10593,124223,113444,75807,6574,1079,22086,865,7033,10779,124223,13321,110902,104397,73748,6446,644,21973,852,734,6505,106735,12169,4408,32493,2308,17568,97329,11457,3075,31867,2166,2681,85826,8084,3283,24891,1564,12265,79721,7745,2394,24585,1489,2025,15679,1837,1983,3900,302,6435,115,220,18,158,60,12,139,345,118,37,1395,946,398,0,0,398,0,548,0,0,548
5322,22,District 22,156969,34,1517.82,67453,64294,3159,95.32,4.68,103.4172154,133.975742,22.80899966,138729,113018,5547,1948,11084,1938,5194,18240,156969,15162,141807,129353,108939,5232,1533,10862,1881,906,12454,124667,113473,93528,4216,1507,9020,1425,3777,11194,124667,9939,114728,107117,90947,4032,1190,8888,1390,670,7611,129919,9436,6645,16153,3376,11776,120493,8403,5246,15434,3092,2918,103935,6035,4799,11615,2118,8361,98014,5533,3923,11290,1996,2203,16375,2336,3332,3440,455,5522,162,204,70,233,57,33,84,300,104,43,1865,3879,1276,341,30,826,79,2603,1085,0,1518
5323,23,District 23,156995,32,948.65,66377,61804,4573,93.11,6.89,165.4930563,289.915822,42.91685939,139270,116198,4245,2934,9394,1577,4922,17725,156995,14120,142875,130231,112247,3956,2441,9166,1486,935,12644,125082,114236,96125,3324,2092,7964,1149,3582,10846,125082,9295,115787,108041,93500,3148,1754,7818,1100,721,7746,132538,7468,7211,15385,3215,10905,123848,6657,5989,14517,2896,2886,106130,4940,5104,11097,2002,7642,100613,4504,4317,10704,1848,2160,15941,1913,3035,4096,519,5091,144,211,71,174,119,23,76,358,89,22,1784,3496,835,0,0,835,0,2661,29,2070,562
5324,24,District 24,157873,7,32.36,80890,69305,11585,85.68,14.32,4879.238222,6444.079408,24.28339391,144546,128788,1198,7506,2478,251,4325,13327,157873,10550,147323,137541,126010,1127,6788,2422,238,956,9782,131609,122400,110754,967,5250,2195,215,3019,9209,131609,6803,124806,117917,109031,934,4837,2150,202,763,6889,141545,2642,13152,4575,949,9408,135386,2382,11788,4326,833,3056,119580,1705,9235,3409,667,6836,115642,1593,8430,3280,601,2521,12400,902,4721,1381,260,4610,95,20,8,51,91,41,60,123,25,12,927,3077,2029,1370,16,643,0,1048,31,96,921
5325,25,District 25,157063,24,2387.4,59658,57241,2417,95.95,4.05,65.7884384,66.20651177,0.631468649,137320,106805,7924,2268,9768,2746,7809,19743,157063,18299,138764,125214,102764,7610,1746,9545,2634,915,13550,119285,107715,85383,5813,1642,7740,1776,5361,11570,119285,11448,107837,99822,82955,5634,1240,7615,1719,659,8015,124905,12422,6727,15820,4512,14674,115119,11360,5408,14876,4175,2802,96059,7795,4632,10850,2621,9892,90277,7361,3822,10453,2476,2091,17740,2651,3172,3947,554,5869,185,326,97,196,62,27,88,439,93,34,2003,1268,565,30,17,518,0,703,19,0,684
5326,26,District 26,157657,8,740.56,64383,59668,4715,92.68,7.32,212.8890605,304.8027273,30.15513267,140563,123839,3912,1658,5963,1381,3810,17094,157657,12385,145272,132815,119683,3682,1306,5772,1317,1055,12457,125634,114848,101305,3194,1291,5092,1035,2931,10786,125634,8491,117143,109256,98450,3055,1037,4938,1003,773,7887,139889,6707,6164,10927,2972,9802,131360,6047,5125,10289,2745,3308,111414,4629,4509,7737,1908,7109,105824,4288,3837,7393,1792,2464,15570,1694,3502,3490,606,5291,116,161,62,103,49,17,52,336,63,28,1524,6341,1913,1092,35,786,0,4428,76,3532,820
5327,27,District 27,156386,48,3624.67,70191,66104,4087,94.18,5.82,43.14493619,61.08896412,29.37359994,136992,99046,14184,2248,11880,2713,6921,19394,156386,16849,139537,125571,95012,13613,1725,11634,2655,932,13966,127327,115013,84471,11462,1716,10102,1925,5337,12314,127327,11849,115478,106568,81598,11105,1332,9930,1899,704,8910,116386,20349,6561,17803,4302,12820,107415,18922,5193,16912,4043,2636,95465,14712,4777,13536,2798,9541,89481,13969,3908,13117,2702,2036,17194,3591,2711,3675,464,4799,337,516,122,308,73,36,68,381,96,17,2200,6799,3217,2241,60,856,60,3582,1750,0,1832
5328,28,District 28,157375,10,1003.46,60618,56830,3788,93.75,6.25,156.8318614,193.5227213,18.95945846,135622,89685,17486,1738,13233,4253,9227,21753,157375,23257,134118,119398,83627,16587,1255,12922,4082,925,14720,120747,108034,72697,13448,1276,11061,2852,6700,12713,120747,15228,105519,96879,68695,12923,940,10869,2779,673,8640,108860,24712,5785,20055,6347,16229,96479,22529,4413,18934,5865,2480,83795,17017,3959,14746,3929,11312,76104,15970,3141,14222,3749,1838,19209,4137,2364,4054,574,5616,317,617,185,425,54,22,99,533,137,75,2544,10069,1168,309,14,186,659,8901,0,8263,638
5329,29,District 29,156309,49,4576.56,57181,54665,2516,95.6,4.4,34.15428604,34.70053491,1.57417995,134112,73429,18588,3338,17011,6088,15658,22197,156309,28540,127769,112651,68809,17755,2365,16763,5883,1076,15118,118573,105455,60676,13959,2376,13933,4073,10438,13118,118573,17956,100617,91633,57876,13514,1754,13765,3973,751,8984,92686,26556,8358,23146,8307,22485,81831,24479,6266,22122,7827,2408,71961,17771,5766,17392,5222,14934,65513,16814,4526,16929,5021,1737,19493,4583,2971,3224,532,5362,389,659,289,451,99,29,175,573,113,44,2704,2203,528,0,0,528,0,1675,1022,0,653
5330,30,District 30,156975,33,4031.38,57186,54939,2247,96.07,3.93,38.93826458,47.33494711,17.73886535,137995,70559,18357,1942,22586,5865,18686,18980,156975,32189,124786,114086,66152,17844,1036,22379,5756,919,10700,120031,108084,58710,13218,1505,18406,3862,12383,11947,120031,20727,99304,92536,55934,12968,861,18289,3801,683,6768,87382,22938,5662,27487,7399,27225,75385,21631,3840,26743,7111,2159,69285,15663,4243,21179,4717,18068,61698,15029,3033,20836,4585,1656,17088,2455,2126,2843,397,7225,288,342,91,340,76,20,176,491,166,52,1892,1403,643,0,0,639,4,760,0,0,760
5331,31,District 31,157068,23,181.81,59641,56742,2899,95.14,4.86,863.9074926,870.0317503,0.70391198,139732,117452,3659,3638,7331,1454,6198,17336,157068,15046,142022,130042,114054,3529,3051,7171,1397,840,11980,118818,108613,92405,2711,2501,5781,1007,4208,10205,118818,9309,109509,102360,90329,2647,2131,5695,984,574,7149,133679,6532,8198,11898,2851,12915,125251,5944,6922,11273,2607,3082,101916,4053,5599,7999,1734,8468,96969,3769,4850,7756,1638,2155,15877,1711,3476,3157,500,5980,160,147,47,115,63,33,90,284,80,34,1459,1603,261,0,53,180,28,1342,15,0,1327
5332,32,District 32,157036,28,5178.11,67106,64190,2916,95.65,4.35,30.32690267,43.46607204,30.22856392,139881,94517,10590,1458,24155,837,8324,17155,157036,17695,139341,128324,91359,10405,896,23951,800,913,11017,127128,116183,80047,7816,1191,20427,670,6032,10945,127128,12296,114832,107958,77932,7693,747,20283,649,654,6874,110470,13599,4800,29635,1808,15466,101512,13018,3474,28948,1679,2688,90172,9462,3647,23323,1272,11059,84218,9149,2715,22942,1206,2020,15713,1835,2255,4016,273,6201,131,219,25,166,63,14,103,284,106,22,1442,3202,1151,43,12,1096,0,2051,355,0,1696
5333,33,District 33,156821,41,3453.7,62339,58976,3363,94.61,5.39,45.40666984,60.70526775,25.20143387,138769,67631,22036,2023,23649,4335,19095,18052,156821,31977,124844,114801,63579,21662,1031,23442,4264,823,10043,122933,111197,58855,15995,1556,18695,2923,13173,11736,122933,21585,101348,94791,56122,15749,874,18570,2886,590,6557,83479,25805,5586,28480,5693,27669,72186,24783,3614,27800,5471,2168,69151,18143,4193,21404,3727,19073,61708,17532,2865,21075,3617,1711,16419,1869,1967,2923,374,7160,299,351,74,305,96,33,330,458,152,28,1633,3292,2459,1652,10,797,0,833,0,0,833
5334,34,District 34,156743,44,2401.78,70602,66222,4380,93.8,6.2,65.26113596,131.0523551,50.20224099,138826,95476,12373,1863,17933,1120,10061,17917,156743,20889,135854,124787,91928,12037,1080,17736,1063,943,11067,127978,116067,82177,8794,1510,15355,821,7410,11911,127978,15039,112939,105815,79598,8584,927,15207,782,717,7124,111932,15849,5430,23390,2004,17956,102127,14836,3721,22699,1828,2857,93082,10846,4184,18324,1364,13195,86127,10228,2974,17929,1263,2206,16235,1840,2132,3951,297,6655,170,267,31,289,61,20,182,179,146,15,1682,4151,1486,830,40,570,46,2665,0,204,2461
5335,35,District 35,158942,3,115.12,70437,60625,9812,86.07,13.93,1380.637288,1506.759517,8.370428547,142331,124819,2401,3797,4316,826,6172,16611,158942,14627,144315,132548,121379,2279,2896,4208,791,995,11767,126753,116028,103052,1878,2763,3593,658,4084,10725,126753,9166,117587,109896,100962,1809,2189,3524,638,774,7691,140534,4552,9253,8104,2094,12404,132506,4080,7630,7614,1885,3211,113213,2921,6588,5632,1388,8467,108228,2697,5612,5404,1291,2472,15375,1364,4536,2619,469,5521,74,100,47,105,54,29,62,314,64,17,1236,3060,2767,2473,27,267,0,293,0,0,293
5336,36,District 36,157171,17,9629.74,80593,76219,4374,94.57,5.43,16.32142427,36.25565601,54.98240533,140998,114814,3441,852,18287,297,3307,16173,157171,10625,146546,135176,111948,3309,590,18117,273,939,11370,133538,122467,99112,2908,708,16638,238,2863,11071,133538,8481,125057,117554,96718,2825,497,16523,219,772,7503,130178,5657,3452,24562,999,9799,122735,5228,2601,23985,893,3250,109629,4343,2768,20150,706,7809,103803,4113,2119,19821,641,2519,14999,1317,1781,5164,211,5754,105,168,17,129,41,6,54,150,92,10,1174,3940,736,0,0,732,4,3204,1390,0,1814
5337,37,District 37,156777,42,8476.73,67671,63804,3867,94.29,5.71,18.49498337,24.33440155,23.99655551,140780,59773,29118,1363,42642,728,7156,15997,156777,14625,142152,130878,57565,28660,710,42353,701,889,11274,129010,117896,52539,21462,1080,36817,563,5435,11114,129010,10940,118070,110343,50803,21177,578,36599,550,636,7727,73530,33839,4132,48719,1652,12842,67176,32663,2770,47915,1516,2627,62030,24459,3257,40562,1238,9809,57302,23752,2252,40093,1159,2041,14253,2370,1203,3984,176,4373,407,482,68,369,131,8,137,306,204,35,1744,3859,828,68,159,491,110,3031,1546,0,1485
5338,38,District 38,156597,46,2081.83,63783,60596,3187,95,5,75.22077515,120.4103926,37.52966542,138086,100987,6201,4896,12223,1667,12112,18511,156597,24691,131906,120837,96383,6000,3953,12050,1624,827,11069,122634,111012,83443,4692,3529,9941,1135,8272,11622,122634,15952,106682,99654,80647,4572,2906,9842,1105,582,7028,118207,9578,9711,16358,2691,20290,106598,8802,7810,15782,2530,2511,94242,6332,6832,12210,1716,13787,87125,5956,5669,11929,1621,1922,16947,1993,3463,2774,307,7176,192,187,50,193,91,37,138,227,103,16,1564,2412,781,377,24,380,0,1631,95,680,856
5339,39,District 39,157080,22,56.48,60709,55951,4758,92.16,7.84,2781.027547,2809.958532,1.029587614,140832,123879,2059,2137,5297,579,6881,16248,157080,15646,141434,130659,120434,1955,1645,5219,548,858,10775,119257,109484,97164,1418,1584,4215,404,4699,9773,119257,9633,109624,103012,95208,1368,1238,4165,389,644,6612,139401,4214,6808,8872,1505,13800,130737,3809,5618,8426,1392,3040,106509,2386,4715,5943,891,9173,101535,2230,3999,5752,836,2253,15072,1402,3734,2589,394,6263,85,81,19,84,35,14,120,168,72,12,1176,716,294,0,48,246,0,422,0,0,422
5340,40,District 40,157080,22,384.77,72894,63614,9280,87.27,12.73,408.249088,1005.478223,59.39752062,140641,121806,1357,1741,5259,501,9977,16439,157080,21304,135776,126412,117586,1255,1096,5158,463,854,9364,128373,117342,103375,1086,1260,4494,383,6744,11031,128373,13847,114526,108003,100673,1026,839,4429,362,674,6523,137606,2955,5481,8678,1224,18636,126638,2577,4114,8296,1047,3020,113955,2014,3954,6626,875,12605,106952,1813,3103,6413,779,2339,15500,1071,2875,2675,267,8011,59,42,12,62,36,20,133,140,67,30,939,4982,584,62,44,408,70,4398,3812,0,586
5341,41,District 41,157194,16,3416.16,59789,56933,2856,95.22,4.78,46.01481358,59.78938667,23.03849204,143401,82299,3179,463,54014,254,3192,13793,157194,8900,148294,138770,80468,3086,258,53868,233,857,9524,119168,111431,66425,2353,353,39825,183,2292,7737,119168,6081,113087,108146,65182,2303,187,39734,170,570,4941,95307,4983,2165,60173,884,8642,89405,4583,1558,59635,789,2487,73637,3374,1565,42395,555,6018,69725,3140,1132,42129,503,1732,12798,1003,1040,5112,149,4750,85,129,21,116,41,5,44,190,102,11,995,1258,378,0,0,376,2,880,200,0,680
5342,42,District 42,156944,39,78.07,70168,62068,8100,88.46,11.54,2010.397332,2371.835227,15.23874386,141963,118745,1589,5658,7183,546,8242,14981,156944,18289,138655,129568,114572,1493,4966,7057,506,974,9087,123433,113749,96608,1181,3904,5867,429,5760,9684,123433,11875,111558,105596,94083,1120,3453,5786,410,744,5962,132875,3497,9803,10075,1296,15488,123113,3092,8341,9643,1149,2997,105693,2185,6822,7549,894,10599,99659,1972,5893,7324,824,2204,13991,1241,3123,1974,271,6566,110,73,19,76,130,35,150,144,56,23,990,1828,946,160,149,637,0,882,23,0,859
5343,43,District 43,157133,20,15630.77,94548,86943,7605,91.96,8.04,10.05280024,16.11786927,37.62947152,141982,97777,6584,911,32265,357,4088,15151,157133,11776,145357,135003,94625,6370,634,32085,327,962,10354,145451,133088,91046,5954,811,31101,332,3844,12363,145451,10470,134981,126627,88142,5781,572,30944,309,879,8354,111853,9161,3274,38310,1102,10059,104177,8513,2366,37724,978,2745,102586,7936,2783,35664,904,8993,95864,7491,2069,35278,819,2409,13855,1398,1337,4831,185,5086,136,214,28,168,54,14,54,231,106,13,1296,13874,1500,115,1,1311,73,12374,10631,0,1743
5344,44,District 44,157151,18,1487.54,56892,55104,1788,96.86,3.14,105.6448238,107.3700129,1.606769923,141717,101643,3718,862,29263,611,5620,15434,157151,12976,144175,133715,98861,3564,644,29120,588,938,10460,117387,108340,79982,2555,639,20906,409,3849,9047,117387,8272,109115,103098,78270,2469,484,20835,397,643,6017,116229,5874,3867,34304,1449,12107,108724,5399,3147,33740,1340,3049,88474,3580,2678,23250,875,8165,83883,3355,2243,22992,811,2192,14297,1378,2250,3853,260,5737,72,140,14,115,56,9,86,186,123,18,1137,964,407,0,1,406,0,557,0,0,557
5345,45,District 45,157231,12,1596.28,60261,58009,2252,96.26,3.74,98.49866563,103.6449092,4.965264166,141875,98258,2806,638,35482,214,4477,15356,157231,11466,145765,135596,95831,2724,363,35336,187,1155,10169,118356,109192,78139,1944,483,25233,133,3260,9164,118356,7785,110571,104809,76554,1897,278,25119,117,844,5762,112909,4780,2820,41013,791,11390,105498,4377,2029,40575,707,3351,86825,3041,2015,27753,504,8017,81972,2820,1473,27499,456,2436,14348,1223,1486,4568,170,6247,60,148,16,107,43,9,59,131,70,11,1008,683,188,0,36,152,0,495,0,0,495
5346,46,District 46,157135,19,8910.5,72126,68302,3824,94.7,5.3,17.63480564,21.62233184,18.44170289,139513,100935,7498,1030,24746,347,4957,17622,157135,12781,144354,131906,98119,7290,637,24534,301,1025,12448,131442,119576,86599,5691,852,22153,261,4020,11866,131442,9817,121625,113437,84324,5545,547,21978,236,807,8188,117469,10203,3749,32096,1152,11581,109799,9573,2681,31402,1033,3186,97743,7377,2951,26352,824,8966,92000,7002,2187,25960,764,2455,16273,1552,1717,6010,239,5720,132,187,25,141,65,4,97,255,117,12,1349,4285,310,0,31,279,0,3975,2751,0,1224
5347,47,District 47,157002,31,2509.05,54746,52963,1783,96.74,3.26,62.57418027,64.58803438,3.117998771,140420,80833,13629,1409,30150,3114,11285,16582,157002,20709,136293,125473,77568,13221,849,29917,3039,879,10820,119577,109503,65822,9514,1114,23314,2152,7587,10074,119577,13309,106268,99784,63871,9297,711,23177,2108,620,6484,95585,17464,4719,35391,4458,17807,87003,16495,3477,34660,4234,2423,74779,11376,3441,26104,2929,12004,69482,10891,2648,25787,2819,1782,14963,2052,2028,3350,353,5446,222,345,100,224,87,10,115,400,172,59,1619,1313,551,0,11,540,0,762,197,0,565
5348,48,District 48,157217,13,4733.92,73072,67930,5142,92.96,7.04,33.21075696,40.19878895,17.38368785,144923,74438,3526,565,60704,231,5459,12294,157217,11491,145726,137976,72440,3418,302,60591,220,1005,7750,125223,117251,63078,2751,431,46742,162,4087,7972,125223,8444,116779,112056,61582,2674,222,46665,155,758,4723,85965,5068,2099,65561,795,11009,79663,4679,1404,65156,712,2394,70567,3673,1593,49213,533,8199,65968,3439,1086,49007,487,1813,11440,869,922,3928,149,4854,61,111,16,102,32,8,67,159,148,14,854,1567,324,0,0,324,0,1243,622,0,621
5349,49,District 49,156752,43,3265.28,67105,63999,3106,95.37,4.63,48.00571354,56.67127261,15.2909202,138368,109371,5422,2028,6330,2780,12437,18384,156752,26320,130432,120076,104035,5151,1132,6207,2698,853,10356,123340,111672,90529,4085,1591,5318,1824,8325,11668,123340,16757,106583,99839,87348,3929,950,5247,1780,585,6744,126618,8730,6523,9675,3895,21284,113728,7904,4615,9197,3671,2583,101470,5702,4846,7232,2487,14142,93640,5302,3567,6990,2381,1918,16975,2200,3258,2223,400,7791,149,120,20,153,39,14,245,248,60,55,1409,1757,751,298,0,449,4,1006,148,0,858
